modelo,n,MAE,RMSE,%MAPE,%MPE,R2,Bias
Lee-Carter,612,2.4562592834991567e-05,5.070640623972802e-05,21.631397226152878,4.29354971481022,0.9247019905722048,-3.2184941558832523e-06
APC-Bayes,660,2.318800570559515e-05,5.0329801123131516e-05,22.60050576739009,4.7346797119267,0.9228923923273409,-4.296295505383368e-06
