year,N,MAE_x100k,MAPE_%,SMAPE_%,MSE_x100k,RMSE_x100k,MSE_logm,RMSE_logm
2019,4,1.1650306027474402,18.847045878498182,19.52360941954296,3.7405524839445823,1.9340507966298564,0.04217082759528076,0.2053553690442029
2020,4,2.3490083953490473,41.98769009986947,36.769355717574946,16.87249650422531,4.1076144541844855,0.15113190019390693,0.3887568651405489
2021,4,1.808264180306932,24.15586130184079,24.36464064917139,10.55672414306179,3.2491112851150223,0.07997401522513911,0.2827967737176984
2022,4,0.7270917292788615,26.3024689373786,32.464833760917564,0.8704693887387314,0.932989490154488,0.1701070096997369,0.4124403104689658
2023,4,0.9609165314419964,29.6942773737489,38.93175474202119,1.1865156728959263,1.089273002004514,0.2981221890329975,0.5460056675832198
