clasificacion,count,pct
en rango,692,90.45751633986929
sobreestimada,39,5.098039215686274
subestimada,34,4.444444444444445
