metric,value
MAE_x100k,1.4020622878248554
MAPE_%,28.197468718267192
SMAPE_%,30.41083885784561
MSE_x100k,6.645351638573269
RMSE_x100k,2.5778579554687004
MSE_logm,0.14830118834941225
RMSE_logm,0.3850989331969283
