metric,value,phase
MAE_x100k,1.4584293617727915,train
MAPE_%,14.831232821398576,train
SMAPE_%,14.493663692723363,train
MSE_x100k,9.487619948781305,train
RMSE_x100k,3.080198037266647,train
MSE_logm,0.03688050366426164,train
RMSE_logm,0.1920429734831807,train
MAE_x100k,1.4020622878248554,test
MAPE_%,28.197468718267192,test
SMAPE_%,30.41083885784561,test
MSE_x100k,6.645351638573269,test
RMSE_x100k,2.5778579554687004,test
MSE_logm,0.14830118834941225,test
RMSE_logm,0.3850989331969283,test
