param,mean
mu,-10.01447854064429
sigma_alpha,0.5375438348030466
sigma_beta,0.10610590577541651
sigma_gamma,0.07993618576885073
