clasificacion,count,pct
en rango,674,88.10457516339869
sobreestimada,50,6.535947712418301
subestimada,41,5.359477124183006
