year,N,MAE_x100k,MAPE_%,SMAPE_%,MSE_x100k,RMSE_x100k,MSE_logm,RMSE_logm
2019,4,0.9852113929422606,18.282673114780142,19.515120595036564,2.627651349948572,1.621003192454775,0.0463592416121031,0.2153119634672052
2020,4,2.1625852788735065,39.48946634083242,35.53762047560909,14.351813673316661,3.788378765820105,0.1443707127521921,0.37996146219345994
2021,4,1.6919298335526467,25.14640169999768,26.14938429879004,8.607407837363489,2.9338384136423548,0.08735781072360835,0.2955635476908618
2022,4,0.6078555815559944,27.257349613286674,34.19907600091565,0.46265652990620343,0.6801885987769888,0.19169934547954992,0.43783483812911683
2023,4,1.17124141470693,32.05693492673519,42.19632713719433,1.8097521730821826,1.3452702974057602,0.33157980936325243,0.5758296704436585
