metric,value,phase
MAE_x100k,1.4945853894314445,train
MAPE_%,15.059893976056996,train
SMAPE_%,14.715099337547269,train
MSE_x100k,9.835764819381449,train
RMSE_x100k,3.1362022924839286,train
MSE_logm,0.03854639015644954,train
RMSE_logm,0.19633234617976106,train
MAE_x100k,1.3237647003262676,test
MAPE_%,28.446565139126424,test
SMAPE_%,31.519505701509136,test
MSE_x100k,5.571856312723422,test
RMSE_x100k,2.3604779839522805,test
MSE_logm,0.1602733839861412,test
RMSE_logm,0.40034158413302656,test
