{"desc":{"n":765,"mean":0.0404934126,"std":2.0452762676,"skewness":0.2229008667,"kurtosis":16.5812490994},"shapiro":{"stat":0.7035350364,"p":1.313514937e-34},"dagostino":{"stat":194.2902815994,"p":6.462512661e-43},"anderson_A2":73.79037234,"durbin_watson":1.4050928839,"ljung_box":{"lb_stat":[177.8442968263,201.1873592933],"lb_pvalue":[1.544491436e-36,9.124966432e-38]},"levene_p":1.882873023e-84,"breusch_pagan":null,"conclusions":["Shapiro: rechaza normalidad (p<0.05).","D'Agostino: rechaza normalidad (p<0.05).","Anderson-Darling: estad\u00edstico > cr\u00edtico (posible no-normalidad).","Durbin-Watson 1.41: posible autocorrelaci\u00f3n residual.","Ljung-Box: autocorrelaci\u00f3n significativa en al menos un lag (p<0.05).","Levene: varianzas entre edades difieren (heteroscedasticidad)."]}