time_step,mean_abs_shap
1,0.12421338433505864
2,0.12950054917955509
3,0.12616099696382277
4,0.12003432257296931
5,0.11403987827260759
6,0.09669475384688299
7,0.0724333642429651
8,0.046518206236054196
9,0.029430442106502374
10,0.009857317547344752
