time_step,mean_abs_shap
1,0.08819587480280386
2,0.0940513393889344
3,0.09696897335590951
4,0.10053959685570506
5,0.10231460210352827
6,0.10328856699404523
7,0.09893193750788698
8,0.0820037311847826
9,0.056045566313518445
10,0.02190226641375148
