channel,mean_abs_shap
logm_norm,0.04837388428008731
feature_period_norm,0.0036448828699979226
feature_cohort_norm,0.018337858194720825
age_mid_norm,0.023942335049184662
target_period_norm,0.0026848714376965887
