clasificacion,count,pct
en rango,693,90.58823529411765
sobreestimada,38,4.967320261437909
subestimada,34,4.444444444444445
