metric,value
MAE_x100k,1.666594701476312
MAPE_%,29.85532649822878
SMAPE_%,30.96835118078368
MSE_x100k,11.72394213585697
RMSE_x100k,3.424024260407185
MSE_logm,0.17384838173925293
RMSE_logm,0.41695129420503413
