metric,value,phase
MAE_x100k,0.8935003790046367,train
MAPE_%,13.079020174560332,train
SMAPE_%,12.700638445359031,train
MSE_x100k,2.43911609869889,train
RMSE_x100k,1.561766979641614,train
MSE_logm,0.02884861326843575,train
RMSE_logm,0.16984879531052244,train
MAE_x100k,1.666594701476312,test
MAPE_%,29.85532649822878,test
SMAPE_%,30.96835118078368,test
MSE_x100k,11.72394213585697,test
RMSE_x100k,3.424024260407185,test
MSE_logm,0.17384838173925293,test
RMSE_logm,0.41695129420503413,test
