year,N,MAE_x100k,MAPE_%,SMAPE_%,MSE_x100k,RMSE_x100k,MSE_logm,RMSE_logm
2019,4,0.4875418991950386,10.602547530066282,10.719180480649191,0.4405953828642528,0.6637735930754197,0.013055869985521986,0.1142622859281311
2020,4,3.5958683139057754,57.9643823090231,47.013633959800444,42.057968999941075,6.48521156169489,0.25952824655522705,0.5094391490209866
2021,4,1.880285738260011,23.9389417944805,25.214641796496824,11.379173010111419,3.373302982258104,0.12021430731977309,0.34671934950298505
2022,4,0.9948892572346179,27.486765648289417,33.397883495721906,1.8837703730144106,1.372505144986499,0.17056080480957758,0.41299007834278245
2023,4,1.3743882987861165,29.28399520928457,38.496416171250026,2.8582029133536997,1.6906220492332695,0.30588268002616487,0.5530666144563102
